﻿;애무계 커맨드
0,애무
1,커널링구스
2,애널 애무
3,가슴 애무
4,클리 애무
5,키스한다
6,목덜미를 핥는다
7,귀를 핥는다
8,유두를 깨문다
9,등을 쓰다듬는다
;==========
;도구계 커맨드
10,로터
11,바이브
12,아네로스
13,클리캡
14,유두캡
;==========
;섹스계 커맨드
20,정상위
21,후배위
22,대면좌위
23,배면좌위
24,기승위
25,옆치기
26,대면입위
27,배면입위
28,교배프레스
;==========
;펠라계 커맨드
30,펠라치오
31,딥 쓰로트
32,강제 펠라치오
