0,처녀
1,거근
;성격계
2,음란함
;감도가 높다,조교 실행이 쉽다
3,굳셈
;감도가 잘 오르지 않는다. 욕구가 잘 오르지 않는다.
4,마조
;고통 효과의 절반이 쾌락으로 간다.
5,새드
;구상중
6,보빔
;같은 인형일 경우 욕구, 쾌락이 증가

;감도 관련
100,C민감
101,C둔감
102,V민감
103,V둔감
104,B민감
105,B둔감
106,A민감
107,A둔감

;특이사항 관련
110,절벽
;가슴 조교 일부 불가
111,빈유
;가슴 조교 유리
112,거유
;가슴 조교 추가
113,동물
;꼬리 커맨드 추가, 커여움
114,사지절단
;일부 조교 불가, 일부 추가

;획득 탈렌트

150,연모
;실행치 보너스
151,의존
;추가 대사
152,마인드맵 붕괴
;추가 대사, 실행치 일부 보너스, 일부 불리
153,우산
;철혈화, 일부 캐릭터는 '철혈'으로 변경


